,estimate,estimate,estimate,estimate,estimate,estimate,stddev,stddev,stddev,stddev,stddev,stddev
indicator,Control of Corruption,Government Effectiveness,Political Stability and Absence of Violence/Terrorism,Rule of Law,Regulatory Quality,Voice and Accountability,Control of Corruption,Government Effectiveness,Political Stability and Absence of Violence/Terrorism,Rule of Law,Regulatory Quality,Voice and Accountability
code,,,,,,,,,,,,
ABW,0.7564865946769714,1.1052134037017822,1.4830797910690308,1.2780261039733887,0.9670425653457642,1.0131638050079346,0.3173750340938568,0.3615066707134247,0.26986953616142273,0.2123802900314331,0.36323583126068115,0.22540795803070068
ADO,1.2702723741531372,1.4952607154846191,1.5859884023666382,1.4854830503463745,1.39833402633667,1.1067891120910645,0.4637984335422516,0.47905951738357544,0.27779126167297363,0.4582446813583374,0.4733543395996094,0.2555045485496521
AFG,-1.1836843490600586,-1.8800348043441772,-2.5449559688568115,-1.6598455905914307,-1.271806240081787,-1.7535287141799927,0.1733585000038147,0.2849602699279785,0.24079777300357819,0.17149770259857178,0.22212877869606018,0.13244223594665527
AGO,-0.6123757362365723,-1.0260342359542847,-0.6301085352897644,-1.0220357179641724,-0.6066985726356506,-0.8075779676437378,0.16070599853992462,0.23124447464942932,0.2195393592119217,0.16484098136425018,0.20897077023983002,0.11846493929624557
AIA,1.2702723741531372,1.2193835973739624,1.1231739521026611,0.42801448702812195,0.9721168875694275,..,0.4637984335422516,0.47905951738357544,0.4022607207298279,0.4582446813583374,0.4733543395996094,..
ALB,-0.40818944573402405,0.06454053521156311,0.10626131296157837,-0.16558510065078735,0.1593538224697113,0.14174018800258636,0.1580624133348465,0.26750409603118896,0.23304978013038635,0.15753202140331268,0.22554519772529602,0.12435869127511978
ANT,..,..,..,..,..,..,..,..,..,..,..,..
ARE,1.1556144952774048,1.2991279363632202,0.7441833019256592,0.8360565304756165,1.034780740737915,-1.1274914741516113,0.1629377156496048,0.24794547259807587,0.22655731439590454,0.1645098775625229,0.2129831314086914,0.1297542005777359
ARG,-0.4472216069698334,-0.2834897041320801,-0.09859433025121689,-0.48235180974006653,-0.6975657343864441,0.5463169813156128,0.15818484127521515,0.24451421201229095,0.22655731439590454,0.1613672524690628,0.2129831314086914,0.12792588770389557
ARM,0.027907174080610275,-0.31479236483573914,-0.7407562732696533,-0.16951580345630646,-0.019078802317380905,0.09032581746578217,0.17595066130161285,0.26750409603118896,0.23976460099220276,0.1681109070777893,0.24819724261760712,0.12986938655376434
ASM,1.2702723741531372,0.6676291227340698,1.1231739521026611,1.2211159467697144,0.5458997488021851,0.9520841836929321,0.4637984335422516,0.47905951738357544,0.4022607207298279,0.4582446813583374,0.4733543395996094,0.5260359644889832
ATG,0.3107275664806366,-0.160002663731575,0.9380820989608765,0.39078712463378906,0.2890869677066803,0.7245528101921082,0.2842825949192047,0.47905951738357544,0.2674945294857025,0.31469669938087463,0.3560672998428345,0.23487763106822968
AUS,1.7643671035766602,1.5284327268600464,0.9837159514427185,1.5088187456130981,1.8948932886123657,1.3239067792892456,0.16290423274040222,0.2654722034931183,0.2140864133834839,0.1681758463382721,0.2341291755437851,0.13832688331604004
AUT,1.2585867643356323,1.4649227857589722,0.6487100124359131,1.7042732238769531,1.2831997871398926,1.4136576652526855,0.16299408674240112,0.23824253678321838,0.22655731439590454,0.16459915041923523,0.2341291755437851,0.10955864936113358
AZE,-1.040907382965088,-0.041207097470760345,-0.9228072762489319,-0.6255521774291992,-0.10334420204162598,-1.4416266679763794,0.1855008453130722,0.290294349193573,0.23976460099220276,0.17340274155139923,0.2519288957118988,0.12986938655376434
BDI,-1.5181812047958374,-1.2636061906814575,-1.192446231842041,-1.2765462398529053,-0.9474856853485107,-1.3963536024093628,0.1893632709980011,0.2260058969259262,0.24822673201560974,0.163450226187706,0.19287444651126862,0.12978214025497437
BEL,1.4949735403060913,1.2271864414215088,0.5819815993309021,1.3482308387756348,1.2529551982879639,1.2970925569534302,0.16299408674240112,0.23824253678321838,0.22655731439590454,0.16459915041923523,0.2341291755437851,0.10955864936113358
BEN,-0.08985728770494461,-0.17059023678302765,-0.34320268034935,-0.5961093902587891,-0.3483646512031555,-0.33569401502609253,0.15856721997261047,0.21148386597633362,0.24079777300357819,0.14867724478244781,0.18023695051670074,0.12386129796504974
BFA,-0.11163946986198425,-0.8531486988067627,-1.8153693675994873,-0.6119337677955627,-0.46830567717552185,-0.6840450167655945,0.15186360478401184,0.21358272433280945,0.23304978013038635,0.14973540604114532,0.17477242648601532,0.12050865590572357
BGD,-1.075751781463623,-0.7633553147315979,-1.046462059020996,-0.6016901135444641,-0.9276589155197144,-0.7533016204833984,0.1536072939634323,0.24602223932743073,0.2195393592119217,0.1626395285129547,0.1925405114889145,0.1256440281867981
BGR,-0.1582060307264328,-0.2712329626083374,0.3134286403656006,-0.10792271047830582,0.3206869065761566,0.2875121235847473,0.14452265202999115,0.2253308743238449,0.22655731439590454,0.14843900501728058,0.2129831314086914,0.10261274129152298
BHR,0.1395203173160553,0.6397200226783752,-0.36290544271469116,0.43830931186676025,0.9706335067749023,-1.4184097051620483,0.18275173008441925,0.24794547259807587,0.23271167278289795,0.17667126655578613,0.2317415177822113,0.13605143129825592
BHS,1.2564488649368286,0.4239504039287567,0.8812392354011536,0.1345403641462326,-0.14648596942424774,0.8723083734512329,0.20492857694625854,0.32751378417015076,0.23304978013038635,0.18708160519599915,0.2550051808357239,0.1570756435394287
BIH,-0.6843156218528748,-1.0649607181549072,-0.48319369554519653,-0.306983083486557,-0.1576153188943863,-0.3247302770614624,0.17183542251586914,0.2850892245769501,0.24079777300357819,0.16052699089050293,0.2409442514181137,0.12805315852165222
BLR,-0.5797314643859863,-0.8517233729362488,-0.8020966053009033,-1.22100031375885,-1.3312140703201294,-1.6277284622192383,0.16487707197666168,0.29617956280708313,0.23304978013038635,0.16238051652908325,0.22833454608917236,0.1253957897424698
BLZ,-0.23691363632678986,-0.3566846549510956,0.5640060901641846,-0.7201606631278992,-0.43876633048057556,0.5353202819824219,0.23800942301750183,0.3615066707134247,0.24079777300357819,0.19215768575668335,0.27793142199516296,0.15928135812282562
BMU,1.2702723741531372,1.2193835973739624,1.0240437984466553,0.6923816204071045,0.9721168875694275,..,0.4637984335422516,0.47905951738357544,0.30919596552848816,0.4582446813583374,0.4733543395996094,..
BOL,-0.8897003531455994,-0.5647382140159607,-0.1919085532426834,-1.3014042377471924,-1.210536241531372,-0.1974855661392212,0.15896281599998474,0.25713294744491577,0.23304978013038635,0.1672372967004776,0.20897077023983002,0.1276904046535492
BRA,-0.5663543343544006,-0.5882593393325806,-0.3950369358062744,-0.2578791379928589,-0.22043763101100922,0.22526833415031433,0.15818484127521515,0.24451421201229095,0.2140864133834839,0.1613672524690628,0.2129831314086914,0.12523040175437927
BRB,1.284738302230835,0.42839428782463074,1.1446454524993896,0.35941246151924133,0.4765003025531769,1.1330256462097168,0.20869384706020355,0.32009297609329224,0.24079777300357819,0.18230502307415009,0.272944837808609,0.15387584269046783
BRN,1.1751925945281982,1.4222829341888428,1.2424886226654053,0.9337597489356995,1.067043423652649,-0.8154675960540771,0.24932262301445007,0.32751378417015076,0.23976460099220276,0.20558606088161469,0.28923434019088745,0.16281820833683014
BTN,1.5147818326950073,0.5612937808036804,1.0093425512313843,0.6735727787017822,-0.38197043538093567,0.15762147307395935,0.20041245222091675,0.28541427850723267,0.24822673201560974,0.18559013307094574,0.22011025249958038,0.14061766862869263
BWA,0.6619085073471069,0.439493864774704,1.0739837884902954,0.459227591753006,0.6210435628890991,0.4497841000556946,0.16041405498981476,0.220524862408638,0.22655731439590454,0.15978315472602844,0.2129831314086914,0.12086350470781326
CAF,-1.2461466789245605,-1.7103034257888794,-2.205052375793457,-1.699912190437317,-1.4741841554641724,-1.214004397392273,0.1893632709980011,0.2260058969259262,0.24822673201560974,0.163450226187706,0.19287444651126862,0.13066847622394562
CAN,1.658573031425476,1.566617727279663,0.7806815505027771,1.5646201372146606,1.6770927906036377,1.4400297403335571,0.16919273138046265,0.2654722034931183,0.22655731439590454,0.16743838787078857,0.2341291755437851,0.141234889626503
CHE,2.009361982345581,2.0494349002838135,1.1597453355789185,1.7511883974075317,1.6201130151748657,1.6213468313217163,0.19702287018299103,0.2654722034931183,0.23271167278289795,0.1812354028224945,0.2597774267196655,0.15174269676208496
CHL,0.9681240320205688,0.5462182760238647,0.13208432495594025,0.6884544491767883,0.9784111380577087,0.9767693877220154,0.15818484127521515,0.24451421201229095,0.22655731439590454,0.1613672524690628,0.2129831314086914,0.12792588770389557
CHN,0.016063671559095383,0.4942125380039215,-0.4512767195701599,-0.04217629134654999,-0.41841763257980347,-1.6013710498809814,0.1538962721824646,0.24794547259807587,0.2140864133834839,0.1645098775625229,0.2129831314086914,0.1261308640241623
CIV,-0.33870556950569153,-0.3337724208831787,-0.5872665047645569,-0.47401824593544006,-0.15201295912265778,-0.39304232597351074,0.14755292236804962,0.20399898290634155,0.23304978013038635,0.14628832042217255,0.1735120415687561,0.12050865590572357
CMR,-1.1297142505645752,-0.8815078139305115,-1.3796292543411255,-1.038935661315918,-0.8988894820213318,-1.1472535133361816,0.14755292236804962,0.20399898290634155,0.23304978013038635,0.14628832042217255,0.1735120415687561,0.12050865590572357
COG,-1.3597794771194458,-1.3700981140136719,0.038993820548057556,-1.0903462171554565,-1.261431336402893,-1.1991946697235107,0.15819647908210754,0.23387479782104492,0.23304978013038635,0.16284744441509247,0.20144961774349213,0.12137621641159058
COK,0.048412077128887177,-0.16366687417030334,1.1647605895996094,-0.5519689917564392,-0.07676299661397934,0.8737214803695679,1.0598628520965576,0.8764113783836365,0.5509620308876038,0.9431777596473694,0.6071799397468567,0.5260359644889832
COL,-0.3620881140232086,0.013796379789710045,-0.6299583315849304,-0.4277602434158325,0.1404491662979126,0.16868717968463898,0.15818484127521515,0.24451421201229095,0.22655731439590454,0.1613672524690628,0.2129831314086914,0.12792588770389557
COM,-1.2449918985366821,-1.6830567121505737,-0.2264113575220108,-1.3146048784255981,-1.2005380392074585,-0.8513242602348328,0.2329496443271637,0.26105931401252747,0.27779126167297363,0.22883540391921997,0.22381475567817688,0.18242715299129486
CPV,0.9598752856254578,0.02083592861890793,0.927069365978241,0.39866092801094055,0.26368221640586853,0.9460427165031433,0.2039395570755005,0.2470690906047821,0.24822673201560974,0.17644032835960388,0.25433090329170227,0.14450624585151672
CRI,0.46585777401924133,0.05260266736149788,0.9565964341163635,0.43593278527259827,0.567061722278595,1.073407769203186,0.16605088114738464,0.26320964097976685,0.23304978013038635,0.16934913396835327,0.22554519772529602,0.12799356877803802
CUB,-0.06926567852497101,-0.3509061336517334,0.491417795419693,-0.46144968271255493,-1.3818594217300415,-1.3393124341964722,0.2055220901966095,0.29617956280708313,0.23976460099220276,0.19561667740345,0.2519288957118988,0.1361328512430191
CYM,0.4577004313468933,1.2623109817504883,1.6607418060302734,0.7210703492164612,1.0855724811553955,0.755772590637207,0.3173750340938568,0.3615066707134247,0.26986953616142273,0.21443796157836914,0.36323583126068115,0.22540795803070068
CYP,0.42144522070884705,0.7303352355957031,0.4238112270832062,0.5701257586479187,0.773753821849823,0.8503503799438477,0.16299408674240112,0.23824253678321838,0.22655731439590454,0.16459915041923523,0.2341291755437851,0.10955864936113358
CZE,0.6630745530128479,1.093418836593628,0.8141145706176758,1.1003965139389038,1.3858983516693115,1.0411412715911865,0.14452265202999115,0.2253308743238449,0.22655731439590454,0.14843900501728058,0.2129831314086914,0.10261274129152298
DEU,1.8183634281158447,1.2892996072769165,0.6284918785095215,1.531995177268982,1.5222949981689453,1.4144870042800903,0.16299408674240112,0.23824253678321838,0.22655731439590454,0.16459915041923523,0.2341291755437851,0.10903464257717133
DJI,-0.7932665944099426,-0.7868021130561829,-0.5073860883712769,-1.1026407480239868,-0.8997994065284729,-1.2912232875823975,0.1893632709980011,0.2260058969259262,0.24822673201560974,0.163450226187706,0.19287444651126862,0.13066847622394562
DMA,0.5395861864089966,-0.09732352197170258,1.308010458946228,0.7341804504394531,0.3415094316005707,0.7967692613601685,0.24669519066810608,0.4157201051712036,0.2674945294857025,0.2774648666381836,0.28809139132499695,0.23487763106822968
DNK,2.4026381969451904,1.9901350736618042,0.86891770362854,1.8995805978775024,1.8431274890899658,1.5912543535232544,0.16299408674240112,0.23824253678321838,0.22655731439590454,0.16459915041923523,0.2341291755437851,0.10955864936113358
DOM,-0.4398077726364136,-0.06846106052398682,0.24928763508796692,-0.09335335344076157,0.06954778730869293,0.3131171464920044,0.16605088114738464,0.26320964097976685,0.23304978013038635,0.16934913396835327,0.22554519772529602,0.12799356877803802
DZA,-0.638041079044342,-0.5134994983673096,-0.6506523489952087,-0.8332599997520447,-1.0635732412338257,-1.0119189023971558,0.17698653042316437,0.24873486161231995,0.23304978013038635,0.1727554351091385,0.22833454608917236,0.12115327268838882
ECU,-0.6302648782730103,-0.30927833914756775,-0.3712243139743805,-0.6207808256149292,-0.45972153544425964,0.02739471010863781,0.16605088114738464,0.26320964097976685,0.23304978013038635,0.16934913396835327,0.22554519772529602,0.12799356877803802
EGY,-0.6789621710777283,-0.4482313096523285,-0.978700578212738,-0.26560452580451965,-0.7139208316802979,-1.4504499435424805,0.16264769434928894,0.229648157954216,0.23304978013038635,0.16547590494155884,0.20897077023983002,0.12066485732793808
ERI,-1.2822462320327759,-1.7312976121902466,-0.9571950435638428,-1.7730594873428345,-2.3693926334381104,-1.8829278945922852,0.1893632709980011,0.2260058969259262,0.24822673201560974,0.163450226187706,0.19287444651126862,0.13066847622394562
ESP,0.6854161620140076,0.9202303886413574,0.31884342432022095,0.7991676926612854,0.7970744371414185,1.0168356895446777,0.16299408674240112,0.23824253678321838,0.22655731439590454,0.16459915041923523,0.2341291755437851,0.10903464257717133
EST,1.544712781906128,1.3426321744918823,0.7278808951377869,1.4262839555740356,1.558964490890503,1.2019542455673218,0.14452265202999115,0.2253308743238449,0.22655731439590454,0.14843900501728058,0.2129831314086914,0.1030491515994072
ETH,-0.43325895071029663,-0.7918241620063782,-2.070606231689453,-0.6358940601348877,-0.9484174251556396,-1.048414945602417,0.15349891781806946,0.21459345519542694,0.23304978013038635,0.1506255567073822,0.17477242648601532,0.12066485732793808
FIN,2.2468650341033936,1.754582405090332,0.8948301076889038,1.957899808883667,1.7791528701782227,1.6067698001861572,0.16299408674240112,0.23824253678321838,0.22655731439590454,0.16459915041923523,0.2341291755437851,0.10955864936113358
FJI,0.38887208700180054,0.5939593315124512,0.748508632183075,0.32531625032424927,-0.060217201709747314,-0.14395278692245483,0.29084861278533936,0.40115660429000854,0.25569990277290344,0.3232766389846802,0.30890029668807983,0.20344708859920502
FRA,1.2594361305236816,1.1652121543884277,0.39333921670913696,1.1805833578109741,1.1889523267745972,1.110156774520874,0.16299408674240112,0.23824253678321838,0.22655731439590454,0.16459915041923523,0.2341291755437851,0.10903464257717133
FSM,0.483295738697052,0.3798752725124359,1.2092188596725464,0.6896539926528931,-0.5612719058990479,1.125030755996704,0.3317870795726776,0.40115660429000854,0.25569990277290344,0.3392469882965088,0.30890029668807983,0.2547052800655365
GAB,-1.0429766178131104,-0.6854241490364075,0.060369402170181274,-0.8237568736076355,-0.7022572159767151,-0.8801739811897278,0.17274028062820435,0.24716471135616302,0.23304978013038635,0.17141620814800262,0.22833454608917236,0.12147650867700577
GBR,1.6201214790344238,1.2380900382995605,0.533176064491272,1.413798213005066,1.5665100812911987,1.2585411071777344,0.17280948162078857,0.2654722034931183,0.2140864133834839,0.1681758463382721,0.2341291755437851,0.13832688331604004
GEO,0.6204200387001038,0.6501430869102478,-0.43653005361557007,0.16946941614151,1.0323086977005005,0.01563982665538788,0.17183542251586914,0.2850892245769501,0.24079777300357819,0.16052699089050293,0.2409442514181137,0.12805315852165222
GHA,-0.0643710345029831,-0.10642126947641373,-0.1950247883796692,-0.07954733818769455,-0.1788187026977539,0.40015313029289246,0.14755292236804962,0.20399898290634155,0.23304978013038635,0.14628832042217255,0.1735120415687561,0.12050865590572357
GIN,-0.971789538860321,-0.9142158627510071,-0.8386821150779724,-1.0977193117141724,-1.0501046180725098,-1.0831620693206787,0.15186360478401184,0.21358272433280945,0.23304978013038635,0.14973540604114532,0.17477242648601532,0.12121723592281342
GMB,-0.27554771304130554,-0.6535725593566895,0.04397328197956085,-0.4551207721233368,-0.7145701050758362,-0.04075588285923004,0.15186360478401184,0.21358272433280945,0.23304978013038635,0.14973540604114532,0.17477242648601532,0.12050865590572357
GNB,-1.1854556798934937,-1.4869327545166016,-0.3859448730945587,-1.45402991771698,-1.3214889764785767,-0.4171984791755676,0.18644380569458008,0.23600447177886963,0.2660803496837616,0.21351304650306702,0.19537533819675446,0.1515875905752182
GNQ,-1.6019693613052368,-1.2970554828643799,-0.23628859221935272,-1.408267855644226,-1.4932661056518555,-1.7043156623840332,0.2354404330253601,0.26701855659484863,0.24822673201560974,0.1929444670677185,0.2739620506763458,0.13010048866271973
GRC,0.037597861140966415,0.4469676613807678,0.10646377503871918,0.32513487339019775,0.4643789827823639,0.9568817019462585,0.16299408674240112,0.23824253678321838,0.22655731439590454,0.16459915041923523,0.2341291755437851,0.10955864936113358
GRD,0.48421260714530945,0.03851593658328056,1.033623218536377,0.5555900931358337,0.393730491399765,0.7058302164077759,0.24669519066810608,0.4157201051712036,0.2674945294857025,0.2774648666381836,0.31455522775650024,0.23487763106822968
GRL,1.029092788696289,0.7565475106239319,1.56980299949646,1.6898871660232544,1.2031716108322144,1.270555019378662,0.4031831622123718,0.489778608083725,0.34281349182128906,0.23622383177280426,0.5017054677009583,0.22540795803070068
GTM,-1.2101486921310425,-0.9077985882759094,-0.26285088062286377,-1.1274635791778564,-0.291810005903244,-0.5226137638092041,0.16605088114738464,0.26320964097976685,0.23304978013038635,0.16934913396835327,0.22554519772529602,0.12799356877803802
GUF,0.9369011521339417,1.2419581413269043,0.3198494017124176,1.1336758136749268,1.0855724811553955,1.270555019378662,0.3173750340938568,0.3615066707134247,0.26986953616142273,0.21443796157836914,0.36323583126068115,0.22540795803070068
GUM,1.2702723741531372,0.6676291227340698,0.8161131143569946,1.2211159467697144,0.5458997488021851,1.0991154909133911,0.4637984335422516,0.47905951738357544,0.27955326437950134,0.4582446813583374,0.4733543395996094,0.5260359644889832
GUY,-0.2955220341682434,-0.26631489396095276,0.02073356695473194,-0.31343770027160645,-0.5276933908462524,0.19348883628845215,0.17662778496742249,0.30497437715530396,0.23304978013038635,0.17387019097805023,0.2383841723203659,0.1428537219762802
HKG,1.6107617616653442,1.5896625518798828,0.5749272108078003,1.278162956237793,1.5898014307022095,-0.40052610635757446,0.16290423274040222,0.2654722034931183,0.25785917043685913,0.1681758463382721,0.24768386781215668,0.13940155506134033
HND,-1.0022883415222168,-0.8672963380813599,-0.5683618187904358,-1.0175416469573975,-0.4852927327156067,-0.4910517930984497,0.15139050781726837,0.24578449130058289,0.23304978013038635,0.15998487174510956,0.1995263248682022,0.1276904046535492
HRV,0.14780740439891815,0.5813136100769043,0.6725632548332214,0.3677971065044403,0.5025498867034912,0.6162912249565125,0.1485658884048462,0.23845352232456207,0.22655731439590454,0.15204419195652008,0.2153271585702896,0.10261274129152298
HTI,-1.4591875076293945,-2.228161334991455,-1.4191986322402954,-1.3779520988464355,-1.3143843412399292,-1.1927223205566406,0.1576990932226181,0.27197593450546265,0.23304978013038635,0.16769856214523315,0.20144961774349213,0.12893792986869812
HUN,-0.10326169431209564,0.5338699221611023,0.6786763072013855,0.42206713557243347,0.4065376818180084,0.4253474473953247,0.14452265202999115,0.2253308743238449,0.22655731439590454,0.14843900501728058,0.2129831314086914,0.10261274129152298
IDN,-0.43533557653427124,0.4361475110054016,-0.5538942217826843,-0.18813031911849976,0.2059599608182907,0.1439695805311203,0.1471245437860489,0.24284611642360687,0.22655731439590454,0.16257193684577942,0.19886210560798645,0.12829864025115967
IND,-0.3222232758998871,0.3695416748523712,-0.6150273680686951,0.11394341289997101,-0.050446417182683945,0.04587749019265175,0.1471245437860489,0.24284611642360687,0.2140864133834839,0.16257193684577942,0.19886210560798645,0.12558001279830933
IRL,1.6744147539138794,1.5485702753067017,0.8846673965454102,1.5267775058746338,1.6395608186721802,1.454295039176941,0.16299408674240112,0.23824253678321838,0.22655731439590454,0.16459915041923523,0.2341291755437851,0.10955864936113358
IRN,-1.1266164779663086,-0.8829116225242615,-1.6256123781204224,-1.0175845623016357,-1.592711329460144,-1.460602045059204,0.1784590631723404,0.290294349193573,0.23304978013038635,0.17877502739429474,0.22833454608917236,0.1295386254787445
IRQ,-1.2133530378341675,-1.302760362625122,-2.409309148788452,-1.7499401569366455,-1.1804851293563843,-0.9485788345336914,0.2026749849319458,0.290294349193573,0.23976460099220276,0.19471074640750885,0.26905572414398193,0.13480880856513977
ISL,1.5674996376037598,1.5629870891571045,1.2496992349624634,1.7029050588607788,1.3072965145111084,1.427459478378296,0.19702287018299103,0.2654722034931183,0.23271167278289795,0.1812354028224945,0.2597774267196655,0.15174269676208496
ISR,0.7810289263725281,1.236107587814331,-1.228965401649475,0.9445175528526306,1.2062876224517822,0.6778175830841064,0.19702287018299103,0.2654722034931183,0.23271167278289795,0.1812354028224945,0.2597774267196655,0.15174269676208496
ITA,0.5277142524719238,0.44864529371261597,0.4662982225418091,0.2969740331172943,0.5109314918518066,1.0743179321289062,0.16299408674240112,0.23824253678321838,0.22655731439590454,0.16459915041923523,0.2341291755437851,0.10903464257717133
JAM,-0.023321857675909996,0.603865921497345,0.3642427921295166,-0.07095344364643097,0.19021353125572205,0.5910379886627197,0.17273178696632385,0.290294349193573,0.23304978013038635,0.17788991332054138,0.22833454608917236,0.12811526656150818
JEY,1.029092788696289,1.1704097986221313,1.6213418245315552,1.6898871660232544,0.9770467877388,1.270555019378662,0.4031831622123718,0.489778608083725,0.48627176880836487,0.23622383177280426,0.5017054677009583,0.22540795803070068
JOR,0.07302899658679962,0.19411076605319977,-0.2344309538602829,0.21739253401756287,0.15679334104061127,-0.8020899891853333,0.16150802373886108,0.24794547259807587,0.2140864133834839,0.1645098775625229,0.2129831314086914,0.12586836516857147
JPN,1.5399296283721924,1.6194154024124146,1.0326372385025024,1.5579692125320435,1.4387725591659546,1.0210027694702148,0.1621318906545639,0.2654722034931183,0.22655731439590454,0.1681758463382721,0.2341291755437851,0.14198575913906097
KAZ,-0.18568560481071472,0.14275604486465454,-0.46835383772850037,-0.47467008233070374,-0.01123405434191227,-1.067116618156433,0.1512330174446106,0.24794547259807587,0.2140864133834839,0.15104630589485168,0.2129831314086914,0.12181974202394485
KEN,-0.7595036029815674,-0.3295332193374634,-0.9472808837890625,-0.31798943877220154,-0.38082996010780334,-0.15089954435825348,0.14755292236804962,0.20399898290634155,0.23304978013038635,0.14628832042217255,0.1735120415687561,0.12050865590572357
KGZ,-1.2304028272628784,-0.8905110359191895,-0.471610426902771,-1.1477091312408447,-0.6325882077217102,-0.7300209403038025,0.15570233762264252,0.2594930827617645,0.22597990930080414,0.15215222537517548,0.2018565535545349,0.12506498396396637
KHM,-1.2416115999221802,-0.35141390562057495,-0.09802304208278656,-0.8658809065818787,-0.7098010182380676,-1.309936761856079,0.1586133986711502,0.2594930827617645,0.24079777300357819,0.16594161093235016,0.2018565535545349,0.13274815678596497
KIR,0.2364516258239746,0.1669803410768509,1.1038483381271362,0.6259115934371948,-0.26182594895362854,1.0914503335952759,0.3317870795726776,0.40115660429000854,0.25569990277290344,0.3478281497955322,0.30890029668807983,0.2547052800655365
KNA,0.3899690806865692,0.39175182580947876,0.9380820989608765,0.5017341375350952,0.5844449400901794,0.7674362659454346,0.2842825949192047,0.47905951738357544,0.2674945294857025,0.32151010632514954,0.3560672998428345,0.23487763106822968
KOR,0.7483688592910767,1.349047303199768,0.5799767374992371,1.158164381980896,1.145222544670105,0.8781139254570007,0.15268990397453308,0.24794547259807587,0.2140864133834839,0.1645098775625229,0.2129831314086914,0.12586836516857147
KSV,-0.2638196051120758,-0.19491569697856903,-0.19884523749351501,-0.3652723729610443,-0.3893622159957886,-0.05664556100964546,0.16238239407539368,0.2698497474193573,0.24079777300357819,0.15408046543598175,0.22677840292453766,0.1289043128490448
KWT,0.12727570533752441,0.11148863285779953,0.29189202189445496,0.2786370813846588,0.21008063852787018,-0.6848392486572266,0.18275173008441925,0.24794547259807587,0.23271167278289795,0.17667126655578613,0.2317415177822113,0.13605143129825592
LAO,-0.9657792448997498,-0.5971295833587646,0.7894513607025146,-0.804427981376648,-0.9871425628662109,-1.6581088304519653,0.19080457091331482,0.2594930827617645,0.24822673201560974,0.17844811081886292,0.21760834753513336,0.14061766862869263
LBN,-1.127301573753357,-1.4592900276184082,-1.4225754737854004,-1.1030634641647339,-1.1325113773345947,-0.6306299567222595,0.17658552527427673,0.290294349193573,0.23304978013038635,0.17877502739429474,0.22833454608917236,0.1286749243736267
LBR,-0.9254763722419739,-1.4310798645019531,-0.2672712504863739,-0.9159266352653503,-0.9808861613273621,-0.002153439447283745,0.15186360478401184,0.21358272433280945,0.2195393592119217,0.14973540604114532,0.17477242648601532,0.1182473748922348
LBY,-1.5262982845306396,-1.7557716369628906,-2.19370174407959,-1.8014229536056519,-2.089348077774048,-1.3812932968139648,0.2005256712436676,0.24873486161231995,0.23976460099220276,0.18840543925762177,0.26905572414398193,0.12704643607139587
LCA,0.5793904662132263,-0.09732352197170258,1.033623218536377,0.6621917486190796,0.43921199440956116,0.8469678163528442,0.24669519066810608,0.4157201051712036,0.2674945294857025,0.2730499804019928,0.28809139132499695,0.23487763106822968
LIE,1.714888095855713,1.487781047821045,1.642753005027771,1.7199560403823853,1.6293485164642334,1.3774185180664062,0.3173750340938568,0.3615066707134247,0.24822673201560974,0.21443796157836914,0.3240807354450226,0.17138607800006866
LKA,-0.3832325339317322,-0.3919617533683777,-0.8043068051338196,-0.05800261348485947,-0.6536428332328796,-0.214537113904953,0.16001014411449432,0.25479450821876526,0.2195393592119217,0.1650010496377945,0.21379972994327545,0.12593281269073486
LSO,-0.36864084005355835,-0.887993335723877,-0.2927369177341461,-0.47329404950141907,-0.6153115034103394,0.05018751323223114,0.17664779722690582,0.21148386597633362,0.24822673201560974,0.15747180581092834,0.19118443131446838,0.1293032169342041
LTU,0.7469741106033325,0.9939615726470947,0.6530325412750244,1.0603322982788086,1.2988812923431396,1.0677858591079712,0.14452265202999115,0.2253308743238449,0.22655731439590454,0.14843900501728058,0.2129831314086914,0.1030491515994072
LUX,1.8835904598236084,1.7722278833389282,1.0643900632858276,1.7685104608535767,1.8339669704437256,1.5414745807647705,0.16299408674240112,0.23824253678321838,0.22655731439590454,0.16459915041923523,0.2341291755437851,0.10955864936113358
LVA,0.6938071846961975,0.6915376782417297,0.48640912771224976,0.9210314154624939,1.170886754989624,0.9374437928199768,0.14452265202999115,0.2253308743238449,0.22655731439590454,0.14843900501728058,0.2129831314086914,0.1030491515994072
MAC,0.8684645891189575,1.1052134037017822,1.122702717781067,0.7912363409996033,1.8245880603790283,-0.5311835408210754,0.2660870850086212,0.3615066707134247,0.3252893388271332,0.2123802900314331,0.36323583126068115,0.22540795803070068
MAR,-0.3874775469303131,-0.08185620605945587,-0.3621191382408142,-0.20664489269256592,-0.08688965439796448,-0.5455482602119446,0.16070599853992462,0.22841069102287292,0.23304978013038635,0.16429778933525085,0.20897077023983002,0.12073896080255508
MCO,1.2702723741531372,2.047015428543091,1.1870324611663818,1.4854830503463745,1.39833402633667,0.7160826325416565,0.4637984335422516,0.47905951738357544,0.27779126167297363,0.4582446813583374,0.4733543395996094,0.27999570965766907
MDA,-0.3422362804412842,-0.307596892118454,-0.6590701937675476,-0.2864012122154236,0.10179071128368378,0.09659409523010254,0.1633961796760559,0.290294349193573,0.23304978013038635,0.16186122596263885,0.22833454608917236,0.12435869127511978
MDG,-0.9699140191078186,-0.9720330238342285,-0.48079660534858704,-0.9500216841697693,-0.8154998421669006,-0.29367703199386597,0.15186360478401184,0.21358272433280945,0.23304978013038635,0.14973540604114532,0.17477242648601532,0.12050865590572357
MDV,-0.33271366357803345,-0.10756514966487885,0.6450027823448181,0.044250261038541794,-0.6572946310043335,-0.20501786470413208,0.29084861278533936,0.40115660429000854,0.25569990277290344,0.3232766389846802,0.30890029668807983,0.1902690827846527
MEX,-1.012086033821106,-0.2817235291004181,-0.6892681121826172,-0.8694250583648682,-0.14830949902534485,-0.11975674331188202,0.15818484127521515,0.24451421201229095,0.2140864133834839,0.1613672524690628,0.2129831314086914,0.12523040175437927
MHL,0.3857148289680481,0.22697566449642181,1.0159205198287964,0.7298498153686523,-0.3944624662399292,1.10572350025177,0.3385608494281769,0.40115660429000854,0.25569990277290344,0.3392469882965088,0.3422330915927887,0.2547052800655365
MKD,-0.32399025559425354,-0.08138483017683029,0.18083928525447845,-0.09688755869865417,0.452958881855011,0.16209527850151062,0.17183542251586914,0.2850892245769501,0.24079777300357819,0.16052699089050293,0.2409442514181137,0.12805315852165222
MLI,-0.8441199064254761,-1.1489531993865967,-2.560743570327759,-0.9823429584503174,-0.6341217756271362,-0.920922577381134,0.14755292236804962,0.20399898290634155,0.23304978013038635,0.14628832042217255,0.1735120415687561,0.12050865590572357
MLT,0.23876500129699707,0.8040844798088074,0.9110143184661865,0.7856548428535461,0.6740937829017639,1.0808671712875366,0.17164009809494019,0.2554336488246918,0.23304978013038635,0.17309622466564178,0.25113722681999207,0.10960116237401962
MMR,-1.151525855064392,-1.6850244998931885,-2.195713996887207,-1.528092861175537,-1.235084056854248,-1.8112375736236572,0.16555055975914001,0.27425137162208557,0.23304978013038635,0.16999587416648865,0.21617113053798676,0.1286749243736267
MNE,-0.11874867230653763,-0.027476675808429718,-0.1408814787864685,-0.12611691653728485,0.543230414390564,0.2752418518066406,0.19558297097682953,0.2850892245769501,0.24822673201560974,0.17176523804664612,0.2691824436187744,0.13507266342639923
MNG,-0.5611834526062012,-0.42492491006851196,0.5299543738365173,-0.18778176605701447,-0.2708905041217804,0.26459237933158875,0.1542661488056183,0.2398398220539093,0.22655731439590454,0.16216909885406494,0.1919434517621994,0.12829864025115967
MOZ,-0.8357543349266052,-0.7370486855506897,-1.265608310699463,-1.0246903896331787,-0.7262184619903564,-0.5862649083137512,0.15186360478401184,0.21358272433280945,0.2195393592119217,0.14973540604114532,0.17477242648601532,0.1182473748922348
MRT,-0.7906838059425354,-0.7250756621360779,-0.5169493556022644,-0.6464370489120483,-1.0622172355651855,-0.7305079102516174,0.1639540046453476,0.22221915423870087,0.24079777300357819,0.15230022370815277,0.18165086209774017,0.12463108450174332
MTQ,0.6321946382522583,0.9435064196586609,0.6410870552062988,0.6923816204071045,0.9721168875694275,..,0.4637984335422516,0.47905951738357544,0.30919596552848816,0.4582446813583374,0.4733543395996094,..
MUS,0.42037174105644226,0.7661725878715515,0.8300235867500305,0.796292245388031,1.166106104850769,0.6135810017585754,0.1828051656484604,0.24392813444137573,0.24079777300357819,0.16983382403850555,0.2409442514181137,0.12491292506456375
MWI,-0.6088519096374512,-0.8532260656356812,-0.15798327326774597,-0.22197334468364716,-0.7397362589836121,0.06215529516339302,0.14755292236804962,0.20399898290634155,0.23304978013038635,0.14628832042217255,0.1735120415687561,0.12050865590572357
MYS,0.24894076585769653,0.9926676154136658,0.16311781108379364,0.5614192485809326,0.644006609916687,0.0004231864877510816,0.15268990397453308,0.24794547259807587,0.2140864133834839,0.1645098775625229,0.2129831314086914,0.12586836516857147
NAM,0.21513041853904724,0.06928324699401855,0.5598857402801514,0.41492220759391785,-0.01500138733536005,0.5672218799591064,0.1686350405216217,0.2339460700750351,0.23304978013038635,0.16752088069915771,0.22554519772529602,0.1209205910563469
NER,-0.5847920775413513,-0.627598226070404,-1.4643923044204712,-0.49811726808547974,-0.7208038568496704,-0.37544509768486023,0.15186360478401184,0.21358272433280945,0.23304978013038635,0.14973540604114532,0.17477242648601532,0.12050865590572357
NGA,-1.1296823024749756,-1.041516900062561,-1.77890145778656,-0.9139850735664368,-1.1559447050094604,-0.5985632538795471,0.15171080827713013,0.22034506499767303,0.23304978013038635,0.15740570425987244,0.1995263248682022,0.12050865590572357
NIC,-1.2876254320144653,-1.0368794202804565,-0.3585117757320404,-1.3109118938446045,-0.9147337675094604,-1.350019931793213,0.16274721920490265,0.2696293592453003,0.23304978013038635,0.1665349155664444,0.21617113053798676,0.12799356877803802
NIU,-0.1826557219028473,1.2474473714828491,1.3773585557937622,-0.5519689917564392,0.1309635043144226,1.262575626373291,1.0598628520965576,0.8764113783836365,0.5509620308876038,0.9431777596473694,0.6071799397468567,0.5260359644889832
NLD,1.9172000885009766,1.5788986682891846,0.7267995476722717,1.6567659378051758,1.712272047996521,1.5471327304840088,0.16299408674240112,0.23824253678321838,0.22655731439590454,0.16459915041923523,0.2341291755437851,0.10955864936113358
NOR,2.067638397216797,1.9417202472686768,0.8612392544746399,1.7608529329299927,1.5161395072937012,1.7806752920150757,0.179850235581398,0.28770285844802856,0.22655731439590454,0.1734739989042282,0.2372538149356842,0.14198575913906097
NPL,-0.532767117023468,-0.9180982708930969,-0.23919688165187836,-0.4482037127017975,-0.6502349376678467,-0.04465785622596741,0.16615450382232666,0.2594930827617645,0.22597990930080414,0.16594161093235016,0.2018565535545349,0.12945780158042908
NRU,0.6017800569534302,0.19847996532917023,0.877918004989624,-0.02339300513267517,0.01924540102481842,0.6211549043655396,0.4629253149032593,0.45714613795280457,0.27779126167297363,0.44944921135902405,0.39781618118286133,0.27999570965766907
NZL,2.163233995437622,1.3402615785598755,1.321169137954712,1.730373740196228,1.8651930093765259,1.6516860723495483,0.17280948162078857,0.2654722034931183,0.2140864133834839,0.1681758463382721,0.2341291755437851,0.13832688331604004
OMN,0.05263793468475342,0.02150677889585495,0.5322492122650146,0.49886080622673035,0.4326449930667877,-1.1478137969970703,0.2055220901966095,0.29617956280708313,0.23976460099220276,0.19561667740345,0.2519288957118988,0.1361328512430191
PAK,-0.8043503761291504,-0.6247286796569824,-1.8398263454437256,-0.6721163392066956,-0.8864126205444336,-0.8621169924736023,0.15426361560821533,0.24602223932743073,0.23304978013038635,0.1626395285129547,0.1925405114889145,0.12836690247058868
PAN,-0.6348624229431152,-0.12810060381889343,0.28922122716903687,-0.35985156893730164,0.12713214755058289,0.5413748621940613,0.16605088114738464,0.26320964097976685,0.23304978013038635,0.16934913396835327,0.22554519772529602,0.1288435161113739
PER,-0.8080020546913147,-0.3983757197856903,-0.487095445394516,-0.5528314113616943,0.20857498049736023,0.052989695221185684,0.15818484127521515,0.24451421201229095,0.22655731439590454,0.1613672524690628,0.2129831314086914,0.12792588770389557
PHL,-0.5412122011184692,0.063930444419384,-0.6552685499191284,-0.5182631611824036,0.06278559565544128,-0.05488033592700958,0.1471245437860489,0.24284611642360687,0.22655731439590454,0.16257193684577942,0.19886210560798645,0.12829864025115967
PLW,0.6017800569534302,0.4496958255767822,1.0839942693710327,0.952899158000946,0.4429825246334076,1.0686712265014648,0.4629253149032593,0.45714613795280457,0.27779126167297363,0.43137842416763306,0.39781618118286133,0.27999570965766907
PNG,-0.6962802410125732,-0.8105106949806213,-0.6593674421310425,-0.6159877181053162,-0.6822091341018677,-0.020892219617962837,0.17841137945652008,0.2677725851535797,0.2251252979040146,0.18100480735301971,0.20818489789962769,0.1316336691379547
POL,0.5066454410552979,0.25888195633888245,0.5051464438438416,0.4281347990036011,0.7173056602478027,0.6035019159317017,0.14452265202999115,0.2253308743238449,0.22655731439590454,0.14843900501728058,0.2129831314086914,0.10261274129152298
PRI,0.11363242566585541,-0.48242273926734924,0.542631983757019,0.5310266017913818,0.8485126495361328,0.44555550813674927,0.30718159675598145,0.3509579002857208,0.24822673201560974,0.21324624121189117,0.36323583126068115,0.22391991317272186
PRK,-1.6060185432434082,-1.4637783765792847,-0.4308110177516937,-1.662432312965393,-2.3930160999298096,-2.0240707397460938,0.2055220901966095,0.29617956280708313,0.23976460099220276,0.19561667740345,0.2519288957118988,0.1361328512430191
PRT,0.7289196252822876,1.0011335611343384,0.7958025932312012,1.1122182607650757,0.7626733183860779,1.2576935291290283,0.16299408674240112,0.23824253678321838,0.22655731439590454,0.16459915041923523,0.2341291755437851,0.10903464257717133
PRY,-1.090579628944397,-0.6140151023864746,0.035549312829971313,-0.5914983749389648,-0.16990166902542114,0.003710370045155287,0.16605088114738464,0.26320964097976685,0.23304978013038635,0.16934913396835327,0.22554519772529602,0.12799356877803802
QAT,0.8040295243263245,1.1366174221038818,0.9602493047714233,0.9171400666236877,0.8705167770385742,-1.0483548641204834,0.18275173008441925,0.25158241391181946,0.23271167278289795,0.17734716832637787,0.2317415177822113,0.13505183160305023
REU,0.6321946382522583,0.9435064196586609,0.2589302659034729,0.6923816204071045,0.9721168875694275,..,0.4637984335422516,0.47905951738357544,0.4022607207298279,0.4582446813583374,0.4733543395996094,..
ROM,0.016491658985614777,-0.00046235090121626854,0.4311363101005554,0.4034018814563751,0.36453306674957275,0.5662615299224854,0.14452265202999115,0.2253308743238449,0.22655731439590454,0.14843900501728058,0.2129831314086914,0.10261274129152298
RUS,-0.9798396825790405,-0.6962637901306152,-1.0059967041015625,-1.1965904235839844,-1.1419726610183716,-1.2617706060409546,0.1633961796760559,0.290294349193573,0.23304978013038635,0.16186122596263885,0.22833454608917236,0.12435869127511978
RWA,0.5614176392555237,0.2320740520954132,0.08275245130062103,0.1477474570274353,0.16292978823184967,-0.9359673857688904,0.16183257102966309,0.21474000811576843,0.24079777300357819,0.14995785057544708,0.18023695051670074,0.12428206950426102
SAU,0.3573073744773865,0.582258403301239,-0.35580629110336304,0.28991371393203735,0.41858547925949097,-1.4843934774398804,0.18275173008441925,0.24794547259807587,0.21925662457942963,0.17667126655578613,0.2317415177822113,0.13189169764518738
SDN,-1.4137287139892578,-1.6863776445388794,-2.0769202709198,-1.260093331336975,-1.5813111066818237,-1.494462251663208,0.15305033326148987,0.21589423716068268,0.23304978013038635,0.1501462459564209,0.17477242648601532,0.12073896080255508
SEN,-0.01317430380731821,0.03978338465094566,-0.15759366750717163,-0.268764853477478,-0.29652130603790283,0.17693059146404266,0.14755292236804962,0.20399898290634155,0.23304978013038635,0.14628832042217255,0.1735120415687561,0.12050865590572357
SGP,2.0946998596191406,2.144235610961914,1.440372347831726,1.7781903743743896,2.2143783569335938,-0.06013256683945656,0.15333448350429535,0.24794547259807587,0.2140864133834839,0.1645098775625229,0.2129831314086914,0.12667642533779144
SLB,-0.18463215231895447,-0.6795403361320496,0.41390562057495117,-0.24077463150024414,-0.7663862109184265,0.3369799554347992,0.25710660219192505,0.38057461380958557,0.25569990277290344,0.3092723786830902,0.26995497941970825,0.2177777737379074
SLE,-0.559889018535614,-1.1701308488845825,-0.09451320767402649,-0.8309808969497681,-1.0555778741836548,-0.14665475487709045,0.14755292236804962,0.20399898290634155,0.23304978013038635,0.14628832042217255,0.1735120415687561,0.12050865590572357
SLV,-0.6425252556800842,-0.3212590515613556,-0.3524748384952545,-0.7422177195549011,-0.46272405982017517,-0.371244877576828,0.15896281599998474,0.25713294744491577,0.23304978013038635,0.1672372967004776,0.20897077023983002,0.1276904046535492
SMR,1.2702723741531372,1.771138072013855,1.1870324611663818,1.7498502731323242,0.5458997488021851,1.2314045429229736,0.4637984335422516,0.47905951738357544,0.27779126167297363,0.4582446813583374,0.4733543395996094,0.27999570965766907
SOM,-1.7926112413406372,-2.0274040699005127,-2.4296960830688477,-2.287278890609741,-1.900155782699585,-1.6689420938491821,0.1803625226020813,0.22055040299892426,0.23976460099220276,0.16305869817733765,0.20357471704483032,0.1262313276529312
SRB,-0.456542432308197,0.06517598778009415,-0.17406946420669556,-0.1139557734131813,0.1370924413204193,-0.09824799746274948,0.1580624133348465,0.26750409603118896,0.23304978013038635,0.15753202140331268,0.22554519772529602,0.12435869127511978
SSD,-1.8557976484298706,-2.390763521194458,-2.213099956512451,-2.0552170276641846,-2.1039927005767822,-1.6969926357269287,0.21031247079372406,0.24781708419322968,0.27779126167297363,0.22115400433540344,0.21406316757202148,0.15685662627220154
STP,0.30513954162597656,-0.8350989818572998,0.4603588283061981,-0.634440541267395,-0.8902429342269897,0.27660128474235535,0.20431116223335266,0.23764614760875702,0.24822673201560974,0.1668066382408142,0.20815707743167877,0.14723695814609528
SUR,-0.40495333075523376,-0.9447071552276611,0.3996891975402832,-0.12830781936645508,-0.7898728847503662,0.3694015443325043,0.19407714903354645,0.32751378417015076,0.23304978013038635,0.18426640331745148,0.2550051808357239,0.14363083243370056
SVK,0.2132958620786667,0.37813466787338257,0.4453357458114624,0.620998740196228,0.8502529859542847,0.889783501625061,0.14452265202999115,0.2253308743238449,0.22655731439590454,0.14843900501728058,0.2129831314086914,0.10261274129152298
SVN,0.7672685384750366,1.068535566329956,0.7093350887298584,0.9709051847457886,0.6949440240859985,0.976333498954773,0.14452265202999115,0.2253308743238449,0.22655731439590454,0.14843900501728058,0.2129831314086914,0.10261274129152298
SWE,2.061525344848633,1.5724048614501953,0.910905122756958,1.6885089874267578,1.6815769672393799,1.5261279344558716,0.16299408674240112,0.23824253678321838,0.22655731439590454,0.16459915041923523,0.2341291755437851,0.10903464257717133
SWZ,-0.7263033390045166,-0.7814041972160339,-0.21046379208564758,-0.6454280614852905,-0.718993604183197,-1.2210575342178345,0.20880857110023499,0.2549173831939697,0.24822673201560974,0.18726016581058502,0.24569600820541382,0.1293032169342041
SYC,1.6985101699829102,0.6618738770484924,0.7625231146812439,0.46173733472824097,0.32758283615112305,0.5962479710578918,0.2753480076789856,0.2892961800098419,0.24822673201560974,0.19893471896648407,0.3240807354450226,0.1452181339263916
SYR,-1.776185154914856,-1.7530136108398438,-2.7768983840942383,-2.069140911102295,-1.823899745941162,-1.8954169750213623,0.19251778721809387,0.2875997722148895,0.23976460099220276,0.19238197803497314,0.24213843047618866,0.13576826453208923
TCD,-1.4885380268096924,-1.4236735105514526,-1.470404863357544,-1.3735617399215698,-1.1493570804595947,-1.4712533950805664,0.17923635244369507,0.21246495842933655,0.24822673201560974,0.15850818157196045,0.19118443131446838,0.129496231675148
TGO,-0.6376281976699829,-0.6456233859062195,-0.7880516052246094,-0.5503589510917664,-0.5628679990768433,-0.7550176382064819,0.15186360478401184,0.21358272433280945,0.23304978013038635,0.14973540604114532,0.17477242648601532,0.12050865590572357
THA,-0.4524443447589874,0.12744416296482086,-0.3933393061161041,0.06574741750955582,0.16501940786838531,-0.6203514933586121,0.15268990397453308,0.24794547259807587,0.2140864133834839,0.1645098775625229,0.2129831314086914,0.12586836516857147
TJK,-1.4342764616012573,-0.7571308612823486,-0.7409991025924683,-1.2555650472640991,-1.1979774236679077,-1.6736581325531006,0.18171778321266174,0.2801366150379181,0.24822673201560974,0.16630364954471588,0.22011025249958038,0.13406087458133698
TKM,-1.437132477760315,-1.1589975357055664,-0.11025793850421906,-1.4923115968704224,-2.067060708999634,-1.9462645053863525,0.20896178483963013,0.32060518860816956,0.24822673201560974,0.1781061738729477,0.2739620506763458,0.13539721071720123
TMP,-0.2654680013656616,-0.7701401710510254,0.2562467157840729,-0.8803777694702148,-0.4728112518787384,0.48979198932647705,0.21521155536174774,0.2937942147254944,0.24822673201560974,0.18848909437656403,0.23974186182022095,0.1399105191230774
TON,-0.4205450713634491,-0.16662822663784027,1.0929051637649536,0.5955382585525513,-0.3478207290172577,0.8500717878341675,0.3317870795726776,0.40115660429000854,0.25569990277290344,0.3392469882965088,0.30890029668807983,0.23585401475429535
TTO,-0.3794408440589905,-0.025543393567204475,0.3484237492084503,-0.16856224834918976,-0.07409218698740005,0.6493123769760132,0.17157427966594696,0.27208802103996277,0.23304978013038635,0.1736268252134323,0.22554519772529602,0.1289554089307785
TUN,-0.2997969388961792,-0.26275262236595154,-0.5945590734481812,-0.11276213079690933,-0.4141758978366852,-0.24810020625591278,0.1593337506055832,0.22841069102287292,0.23304978013038635,0.16429778933525085,0.20897077023983002,0.12050865590572357
TUR,-0.4681062698364258,-0.19964532554149628,-1.032234787940979,-0.45968061685562134,-0.24463890492916107,-0.9264043569564819,0.16150802373886108,0.24794547259807587,0.22655731439590454,0.1645098775625229,0.2129831314086914,0.1286061555147171
TUV,0.652524471282959,-0.3137527406215668,1.1831034421920776,0.8169859647750854,-0.14496363699436188,1.2067147493362427,0.3385608494281769,0.40115660429000854,0.25569990277290344,0.3478281497955322,0.3422330915927887,0.2547052800655365
TWN,1.147966980934143,1.4030100107192993,0.766374409198761,1.2584129571914673,1.409888744354248,1.0812005996704102,0.1686280369758606,0.24794547259807587,0.21925662457942963,0.17667126655578613,0.2317415177822113,0.13251584768295288
TZA,-0.35488227009773254,-0.46036583185195923,-0.26034411787986755,-0.4622819125652313,-0.563533365726471,-0.6531969904899597,0.14755292236804962,0.20399898290634155,0.23304978013038635,0.14628832042217255,0.1735120415687561,0.12050865590572357
UGA,-1.0611969232559204,-0.6050686836242676,-0.7110158205032349,-0.37403494119644165,-0.49033933877944946,-0.7995322942733765,0.15186360478401184,0.21358272433280945,0.23304978013038635,0.14973540604114532,0.17477242648601532,0.12050865590572357
UKR,-0.6340044736862183,-0.497119277715683,-1.949324607849121,-0.9179479479789734,-0.33159732818603516,-0.02330739237368107,0.1580624133348465,0.26750409603118896,0.23304978013038635,0.15753202140331268,0.23758631944656372,0.12435869127511978
URY,1.610502004623413,0.8495876789093018,1.0858296155929565,0.7679474949836731,0.7135794162750244,1.2849234342575073,0.16605088114738464,0.26320964097976685,0.23304978013038635,0.16934913396835327,0.22554519772529602,0.1288435161113739
USA,1.1041446924209595,1.255495548248291,0.008700686506927013,1.3692020177841187,1.4244399070739746,0.860348105430603,0.15986387431621552,0.2654722034931183,0.2140864133834839,0.16743838787078857,0.2341291755437851,0.13763228058815002
UZB,-0.7577702403068542,-0.32993730902671814,-0.20133601129055023,-0.8523072600364685,-0.5503154397010803,-1.3309236764907837,0.15046945214271545,0.2633998692035675,0.23304978013038635,0.1532869040966034,0.19426707923412323,0.1251106709241867
VCT,0.7565479278564453,0.31817448139190674,1.033623218536377,0.6448086500167847,0.34886762499809265,0.8495725989341736,0.24669519066810608,0.4157201051712036,0.2674945294857025,0.2730499804019928,0.28809139132499695,0.23487763106822968
VEN,-1.6515241861343384,-1.689051866531372,-1.250806450843811,-2.198162794113159,-2.0458433628082275,-1.5447547435760498,0.16112861037254333,0.24451421201229095,0.2140864133834839,0.162027046084404,0.2129831314086914,0.12575295567512512
VIR,-0.005883057601749897,0.6676291227340698,0.5297837257385254,0.9567487835884094,1.39833402633667,..,0.4637984335422516,0.47905951738357544,0.30919596552848816,0.4582446813583374,0.4733543395996094,..
VNM,-0.28725433349609375,0.17463526129722595,-0.04613209515810013,-0.15846945345401764,-0.429956316947937,-1.2864073514938354,0.15461239218711853,0.26113229990005493,0.2195393592119217,0.1707431674003601,0.20897077023983002,0.1259051263332367
VUT,-0.028579803183674812,-0.5385246872901917,0.9618620872497559,0.32218408584594727,-0.09081613272428513,0.5857114195823669,0.25710660219192505,0.38057461380958557,0.25569990277290344,0.3092723786830902,0.26995497941970825,0.2177777737379074
WBG,-0.7027075290679932,-0.9020291566848755,-1.7019554376602173,-0.5551717281341553,-0.03686917945742607,-1.035613775253296,0.2738453149795532,0.3509579002857208,0.24822673201560974,0.20910479128360748,0.36323583126068115,0.1587350219488144
WSM,0.5541224479675293,0.30786362290382385,1.0965520143508911,0.9478827118873596,-0.2729046046733856,1.002089262008667,0.3317870795726776,0.40115660429000854,0.25569990277290344,0.3478281497955322,0.30890029668807983,0.23585401475429535
YEM,-1.6798127889633179,-2.2334647178649902,-2.462735414505005,-1.8519399166107178,-1.917549729347229,-1.6197031736373901,0.17968417704105377,0.25479450821876526,0.23976460099220276,0.17847153544425964,0.24610535800457,0.13513144850730896
ZAF,-0.3300946056842804,-0.10902764648199081,-0.6813863515853882,0.04077478498220444,-0.18512575328350067,0.7232744097709656,0.15855033695697784,0.2194284051656723,0.22655731439590454,0.15872174501419067,0.2129831314086914,0.12070654332637787
ZAR,-1.544922113418579,-1.7466747760772705,-1.9844896793365479,-1.671784520149231,-1.476069450378418,-1.1914421319961548,0.14905154705047607,0.20487910509109497,0.2195393592119217,0.14711807668209076,0.1735120415687561,0.11839494109153748
ZMB,-0.5049480199813843,-0.6380170583724976,0.1613318771123886,-0.517023503780365,-0.5290579199790955,-0.07945076376199722,0.1531689316034317,0.20699381828308105,0.23304978013038635,0.14769551157951355,0.1826547086238861,0.1207633912563324
ZWE,-1.2599694728851318,-1.2512238025665283,-0.8949741125106812,-1.2370275259017944,-1.4259673357009888,-1.109503149986267,0.15186360478401184,0.21358272433280945,0.23304978013038635,0.14973540604114532,0.17477242648601532,0.12050865590572357
